Graph,Reward,Step,Node_U,Node_V,Edge,WasAdded,StepReward,AgentAction,GreedyAction,GreedyEdge,GreedyReward,AgentMatchedGreedy
Garr199901,PBR,1,3,11,3-11,True,0.05303627545288342,41,-1,N/A,,False
Garr199901,PBR,2,0,5,0-5,True,0.0527434264074096,3,-1,N/A,,False
Garr199901,EFFRES,1,3,6,3-6,True,0.24330265654721675,37,-1,N/A,,False
Garr199901,EFFRES,2,0,5,0-5,True,0.25068036802174865,3,-1,N/A,,False
Garr199901,IVI,1,13,14,13-14,True,1.8873317835017893,99,-1,N/A,,False
Garr199901,IVI,2,0,5,0-5,True,0.7969879559112406,3,-1,N/A,,False
Garr199901,NNSI,1,7,11,7-11,True,0.0,72,-1,N/A,,False
Garr199901,NNSI,2,0,5,0-5,True,-1.75,3,-1,N/A,,False
Netrail,PBR,1,0,5,0-5,True,0.05148981114109909,3,-1,N/A,,False
Netrail,PBR,2,1,3,1-3,True,0.08092420190502528,4,-1,N/A,,False
Netrail,EFFRES,1,2,6,2-6,True,0.14252429847605166,8,-1,N/A,,False
Netrail,EFFRES,2,0,5,0-5,True,0.574003653624904,3,-1,N/A,,False
Netrail,IVI,1,3,6,3-6,True,-2.76155146109849,10,-1,N/A,,False
Netrail,IVI,2,0,5,0-5,True,-0.03881702536436338,3,-1,N/A,,False
Netrail,NNSI,1,0,3,0-3,True,0.0,2,-1,N/A,,False
Netrail,NNSI,2,1,3,1-3,True,-2.0,4,-1,N/A,,False
Ans,PBR,1,0,15,0-15,True,-0.0032622668776853825,12,-1,N/A,,False
Ans,PBR,2,0,6,0-6,True,-0.019695754388081233,3,-1,N/A,,False
Ans,PBR,3,2,17,2-17,True,-0.01580052458421783,39,-1,N/A,,False
Ans,EFFRES,1,1,14,1-14,True,0.14090844391323745,24,-1,N/A,,False
Ans,EFFRES,2,0,6,0-6,True,0.14914170082624223,3,-1,N/A,,False
Ans,EFFRES,3,2,17,2-17,True,0.12358563670808258,39,-1,N/A,,False
Ans,IVI,1,4,12,4-12,True,4.04090852367052,59,-1,N/A,,False
Ans,IVI,2,0,6,0-6,True,-0.4499999347500072,3,-1,N/A,,False
Ans,IVI,3,2,16,2-16,True,1.9953579010030325,38,-1,N/A,,False
Ans,NNSI,1,1,9,1-9,True,1.4076933271674008,19,-1,N/A,,False
Ans,NNSI,2,0,6,0-6,True,-0.1698101879550027,3,-1,N/A,,False
Ans,NNSI,3,2,17,2-17,True,0.4619314278925257,39,-1,N/A,,False
PionierL3,PBR,1,13,19,13-19,True,-0.01415961116552047,384,-1,N/A,,False
PionierL3,PBR,2,31,37,31-37,True,0.010708938740654705,644,-1,N/A,,False
PionierL3,PBR,3,9,29,9-29,True,0.011244174646003004,299,-1,N/A,,False
PionierL3,PBR,4,4,10,4-10,True,-0.004195426101317002,138,-1,N/A,,False
PionierL3,PBR,5,5,37,5-37,True,0.012366836066928068,195,-1,N/A,,False
PionierL3,EFFRES,1,28,31,28-31,True,0.08539898618462774,620,-1,N/A,,False
PionierL3,EFFRES,2,31,37,31-37,True,0.07681240198939993,644,-1,N/A,,False
PionierL3,EFFRES,3,9,29,9-29,True,0.1632124408713692,299,-1,N/A,,False
PionierL3,EFFRES,4,4,10,4-10,True,0.13789189529984885,138,-1,N/A,,False
PionierL3,EFFRES,5,5,37,5-37,True,0.12969783990157457,195,-1,N/A,,False
PionierL3,IVI,1,1,19,1-19,True,0.0,48,-1,N/A,,False
PionierL3,IVI,2,31,37,31-37,True,0.0,644,-1,N/A,,False
PionierL3,IVI,3,9,30,9-30,True,0.0,300,-1,N/A,,False
PionierL3,IVI,4,4,11,4-11,True,0.0,139,-1,N/A,,False
PionierL3,IVI,5,6,7,6-7,True,5.0,196,-1,N/A,,False
PionierL3,NNSI,1,7,22,7-22,True,0.0,238,-1,N/A,,False
PionierL3,NNSI,2,31,37,31-37,True,0.0,644,-1,N/A,,False
PionierL3,NNSI,3,9,30,9-30,True,0.0,300,-1,N/A,,False
PionierL3,NNSI,4,4,10,4-10,True,0.0,138,-1,N/A,,False
PionierL3,NNSI,5,5,37,5-37,True,0.0,195,-1,N/A,,False
Telecomserbia,PBR,1,0,3,0-3,True,-0.006185666040519063,1,-1,N/A,,False
Telecomserbia,PBR,2,1,4,1-4,True,0.03452380954408986,4,-1,N/A,,False
Telecomserbia,EFFRES,1,1,4,1-4,True,-0.5017845087278342,4,-1,N/A,,False
Telecomserbia,EFFRES,2,1,3,1-3,True,0.17545762655069397,3,-1,N/A,,False
Telecomserbia,IVI,1,1,4,1-4,True,-0.999999995,4,-1,N/A,,False
Telecomserbia,IVI,2,1,3,1-3,True,-0.49426162005162366,3,-1,N/A,,False
Telecomserbia,NNSI,1,2,5,2-5,True,-4.0,7,-1,N/A,,False
Telecomserbia,NNSI,2,1,3,1-3,True,0.0,3,-1,N/A,,False
Ulaknet,PBR,1,58,67,58-67,True,0.07097653367766987,2995,-1,N/A,,False
Ulaknet,PBR,2,50,56,50-56,True,0.06928112231586242,2780,-1,N/A,,False
Ulaknet,PBR,3,24,48,24-48,True,0.06764556724125438,1667,-1,N/A,,False
Ulaknet,PBR,4,38,51,38-51,True,0.06606708435983537,2348,-1,N/A,,False
Ulaknet,PBR,5,16,19,16-19,True,0.06454304958345206,1162,-1,N/A,,False
Ulaknet,PBR,6,25,56,25-56,True,0.059675591155109016,1730,-1,N/A,,False
Ulaknet,PBR,7,35,78,35-78,True,0.061686992576129106,2245,-1,N/A,,False
Ulaknet,PBR,8,39,56,39-56,True,0.05367232025774586,2394,-1,N/A,,False
Ulaknet,PBR,9,41,70,41-70,True,0.05905418296581963,2488,-1,N/A,,False
Ulaknet,EFFRES,1,42,61,42-61,True,0.00715438642411439,2517,-1,N/A,,False
Ulaknet,EFFRES,2,24,48,24-48,True,0.0072059405070513715,1667,-1,N/A,,False
Ulaknet,EFFRES,3,38,51,38-51,True,0.029579869124012576,2348,-1,N/A,,False
Ulaknet,EFFRES,4,16,19,16-19,True,0.007479485166447515,1162,-1,N/A,,False
Ulaknet,EFFRES,5,25,56,25-56,True,0.007535849440554224,1730,-1,N/A,,False
Ulaknet,EFFRES,6,35,78,35-78,True,0.02106164077769056,2245,-1,N/A,,False
Ulaknet,EFFRES,7,39,56,39-56,True,0.01747347183868509,2394,-1,N/A,,False
Ulaknet,EFFRES,8,41,70,41-70,True,0.021132410026449763,2488,-1,N/A,,False
Ulaknet,EFFRES,9,13,24,13-24,True,0.007056703283369932,972,-1,N/A,,False
Ulaknet,IVI,1,3,74,3-74,True,5.0,307,-1,N/A,,False
Ulaknet,IVI,2,24,49,24-49,True,-5.0,1668,-1,N/A,,False
Ulaknet,IVI,3,38,52,38-52,True,5.0,2349,-1,N/A,,False
Ulaknet,IVI,4,16,20,16-20,True,5.0,1163,-1,N/A,,False
Ulaknet,IVI,5,25,57,25-57,True,5.0,1731,-1,N/A,,False
Ulaknet,IVI,6,35,79,35-79,True,5.0,2246,-1,N/A,,False
Ulaknet,IVI,7,39,57,39-57,True,5.0,2395,-1,N/A,,False
Ulaknet,IVI,8,41,71,41-71,True,5.0,2489,-1,N/A,,False
Ulaknet,IVI,9,13,25,13-25,True,5.0,973,-1,N/A,,False
Ulaknet,NNSI,1,42,61,42-61,True,0.0,2517,-1,N/A,,False
Ulaknet,NNSI,2,24,48,24-48,True,0.0,1667,-1,N/A,,False
Ulaknet,NNSI,3,38,51,38-51,True,-4.0,2348,-1,N/A,,False
Ulaknet,NNSI,4,16,19,16-19,True,0.545454545454545,1162,-1,N/A,,False
Ulaknet,NNSI,5,25,56,25-56,True,0.5314685314685317,1730,-1,N/A,,False
Ulaknet,NNSI,6,35,78,35-78,True,-1.0769230769230766,2245,-1,N/A,,False
Ulaknet,NNSI,7,39,56,39-56,True,0.0,2394,-1,N/A,,False
Ulaknet,NNSI,8,41,70,41-70,True,0.0,2488,-1,N/A,,False
Ulaknet,NNSI,9,13,24,13-24,True,0.0,972,-1,N/A,,False
LambdaNet,PBR,1,18,26,18-26,True,0.0013865082317107815,565,-1,N/A,,False
LambdaNet,PBR,2,19,26,19-26,True,-0.006111107274205551,586,-1,N/A,,False
LambdaNet,PBR,3,22,28,22-28,True,0.01715613402084486,645,-1,N/A,,False
LambdaNet,PBR,4,36,41,36-41,True,-0.0057559786821119955,808,-1,N/A,,False
LambdaNet,PBR,5,8,20,8-20,True,-0.005503107644235892,299,-1,N/A,,False
LambdaNet,EFFRES,1,35,37,35-37,True,0.07470217170550529,800,-1,N/A,,False
LambdaNet,EFFRES,2,12,28,12-28,True,0.17304432729415498,423,-1,N/A,,False
LambdaNet,EFFRES,3,22,27,22-27,True,0.1302487118466029,644,-1,N/A,,False
LambdaNet,EFFRES,4,36,41,36-41,True,0.12147734526087701,808,-1,N/A,,False
LambdaNet,EFFRES,5,8,20,8-20,True,0.04857514541380773,299,-1,N/A,,False
LambdaNet,IVI,1,22,34,22-34,True,5.0,651,-1,N/A,,False
LambdaNet,IVI,2,1,39,1-39,True,0.0,76,-1,N/A,,False
LambdaNet,IVI,3,22,27,22-27,True,5.0,644,-1,N/A,,False
LambdaNet,IVI,4,36,41,36-41,True,-0.5157105200115959,808,-1,N/A,,False
LambdaNet,IVI,5,8,21,8-21,True,-0.5932447747502989,300,-1,N/A,,False
LambdaNet,NNSI,1,1,3,1-3,True,0.1554122952188859,40,-1,N/A,,False
LambdaNet,NNSI,2,15,28,15-28,True,0.284709725186695,499,-1,N/A,,False
LambdaNet,NNSI,3,22,28,22-28,True,-0.6644787286444895,645,-1,N/A,,False
LambdaNet,NNSI,4,36,41,36-41,True,0.08337621809334195,808,-1,N/A,,False
LambdaNet,NNSI,5,8,21,8-21,True,-1.267829320208599,300,-1,N/A,,False
Syringa,PBR,1,19,52,19-52,True,-0.00011124200690084633,1215,-1,N/A,,False
Syringa,PBR,2,28,72,28-72,True,0.0037782872251662216,1668,-1,N/A,,False
Syringa,PBR,3,49,55,49-55,True,-8.355391796294187e-05,2349,-1,N/A,,False
Syringa,PBR,4,18,52,18-52,True,-0.004085667963954231,1162,-1,N/A,,False
Syringa,PBR,5,30,50,30-50,True,0.003990379393027777,1731,-1,N/A,,False
Syringa,PBR,6,45,52,45-52,True,-0.008165449121243963,2246,-1,N/A,,False
Syringa,PBR,7,51,57,51-57,True,-0.004088779528741437,2395,-1,N/A,,False
Syringa,PBR,8,56,61,56-61,True,-0.0040435082950004975,2489,-1,N/A,,False
Syringa,EFFRES,1,0,62,0-62,True,0.04097869229483856,59,-1,N/A,,False
Syringa,EFFRES,2,24,44,24-44,True,0.1855826403454743,1458,-1,N/A,,False
Syringa,EFFRES,3,28,73,28-73,True,0.17177508901084618,1669,-1,N/A,,False
Syringa,EFFRES,4,49,56,49-56,True,0.022333515623507817,2350,-1,N/A,,False
Syringa,EFFRES,5,18,53,18-53,True,0.08705440294084776,1163,-1,N/A,,False
Syringa,EFFRES,6,30,51,30-51,True,0.1479087490895785,1732,-1,N/A,,False
Syringa,EFFRES,7,45,53,45-53,True,0.13211565617446172,2247,-1,N/A,,False
Syringa,EFFRES,8,51,58,51-58,True,0.00513416682486572,2396,-1,N/A,,False
Syringa,IVI,1,41,62,41-62,True,5.0,2140,-1,N/A,,False
Syringa,IVI,2,28,71,28-71,True,5.0,1667,-1,N/A,,False
Syringa,IVI,3,49,55,49-55,True,5.0,2349,-1,N/A,,False
Syringa,IVI,4,18,52,18-52,True,0.0,1162,-1,N/A,,False
Syringa,IVI,5,30,49,30-49,True,0.0,1730,-1,N/A,,False
Syringa,IVI,6,45,52,45-52,True,5.0,2246,-1,N/A,,False
Syringa,IVI,7,51,57,51-57,True,0.0,2395,-1,N/A,,False
Syringa,IVI,8,56,61,56-61,True,0.0,2489,-1,N/A,,False
Syringa,NNSI,1,51,54,51-54,True,0.0,2392,-1,N/A,,False
Syringa,NNSI,2,33,42,33-42,True,0.0,1841,-1,N/A,,False
Syringa,NNSI,3,28,71,28-71,True,0.0,1667,-1,N/A,,False
Syringa,NNSI,4,49,55,49-55,True,0.0,2349,-1,N/A,,False
Syringa,NNSI,5,18,52,18-52,True,0.0,1162,-1,N/A,,False
Syringa,NNSI,6,30,49,30-49,True,0.0,1730,-1,N/A,,False
Syringa,NNSI,7,45,52,45-52,True,0.0,2246,-1,N/A,,False
Syringa,NNSI,8,51,58,51-58,True,0.0,2396,-1,N/A,,False
Surfnet,PBR,1,25,45,25-45,True,0.004847329998590845,899,-1,N/A,,False
Surfnet,PBR,2,6,40,6-40,True,0.005154256079010423,299,-1,N/A,,False
Surfnet,PBR,3,4,19,4-19,True,-0.011796909262384891,194,-1,N/A,,False
Surfnet,PBR,4,7,42,7-42,True,0.00012226805429124254,343,-1,N/A,,False
Surfnet,PBR,5,10,25,10-25,True,0.006154005338632907,437,-1,N/A,,False
Surfnet,PBR,6,29,40,29-40,True,0.0007913584001934216,977,-1,N/A,,False
Surfnet,PBR,7,4,23,4-23,True,-0.004485160370209738,198,-1,N/A,,False
Surfnet,EFFRES,1,3,18,3-18,True,0.09258154510389895,152,-1,N/A,,False
Surfnet,EFFRES,2,6,41,6-41,True,0.0608201807005821,300,-1,N/A,,False
Surfnet,EFFRES,3,4,20,4-20,True,0.19303746128725283,195,-1,N/A,,False
Surfnet,EFFRES,4,7,43,7-43,True,0.10371710480548571,344,-1,N/A,,False
Surfnet,EFFRES,5,10,26,10-26,True,0.10533107038618736,438,-1,N/A,,False
Surfnet,EFFRES,6,29,40,29-40,True,0.11776599007987366,977,-1,N/A,,False
Surfnet,EFFRES,7,4,24,4-24,True,0.04796552925980073,199,-1,N/A,,False
Surfnet,IVI,1,1,5,1-5,True,5.0,50,-1,N/A,,False
Surfnet,IVI,2,6,41,6-41,True,0.0,300,-1,N/A,,False
Surfnet,IVI,3,4,20,4-20,True,0.0,195,-1,N/A,,False
Surfnet,IVI,4,16,49,16-49,True,0.0,664,-1,N/A,,False
Surfnet,IVI,5,7,43,7-43,True,5.0,344,-1,N/A,,False
Surfnet,IVI,6,10,26,10-26,True,5.0,438,-1,N/A,,False
Surfnet,IVI,7,29,41,29-41,True,0.0,978,-1,N/A,,False
Surfnet,NNSI,1,27,33,27-33,True,-0.1875,930,-1,N/A,,False
Surfnet,NNSI,2,6,40,6-40,True,0.0,299,-1,N/A,,False
Surfnet,NNSI,3,4,19,4-19,True,-0.02999999999999936,194,-1,N/A,,False
Surfnet,NNSI,4,7,42,7-42,True,-0.1800000000000006,343,-1,N/A,,False
Surfnet,NNSI,5,10,25,10-25,True,0.0,437,-1,N/A,,False
Surfnet,NNSI,6,29,40,29-40,True,0.0,977,-1,N/A,,False
Surfnet,NNSI,7,4,23,4-23,True,-0.020769230769230873,198,-1,N/A,,False
Garr201005,PBR,1,2,19,2-19,True,-0.009048550674395306,121,-1,N/A,,False
Garr201005,PBR,2,5,54,5-54,True,0.017635684089983582,300,-1,N/A,,False
Garr201005,PBR,3,31,42,31-42,True,-0.03439722930849791,1164,-1,N/A,,False
Garr201005,PBR,4,3,44,3-44,True,0.017950359566041563,195,-1,N/A,,False
Garr201005,PBR,5,6,52,6-52,True,0.012774181055978672,344,-1,N/A,,False
Garr201005,PBR,6,9,14,9-14,True,0.01784373166616946,438,-1,N/A,,False
Garr201005,PBR,7,24,26,24-26,True,0.017783595799270357,977,-1,N/A,,False
Garr201005,EFFRES,1,28,38,28-38,True,0.03596474867305866,1094,-1,N/A,,False
Garr201005,EFFRES,2,5,53,5-53,True,0.042947479503624326,299,-1,N/A,,False
Garr201005,EFFRES,3,31,42,31-42,True,-0.06694786403470256,1164,-1,N/A,,False
Garr201005,EFFRES,4,3,43,3-43,True,0.036738807379093345,194,-1,N/A,,False
Garr201005,EFFRES,5,6,51,6-51,True,0.0618931112076087,343,-1,N/A,,False
Garr201005,EFFRES,6,9,13,9-13,True,0.05471285769681475,437,-1,N/A,,False
Garr201005,EFFRES,7,24,25,24-25,True,0.049991078356563495,976,-1,N/A,,False
Garr201005,IVI,1,4,13,4-13,True,-5.0,212,-1,N/A,,False
Garr201005,IVI,2,5,54,5-54,True,5.0,300,-1,N/A,,False
Garr201005,IVI,3,31,42,31-42,True,5.0,1164,-1,N/A,,False
Garr201005,IVI,4,3,43,3-43,True,0.0,194,-1,N/A,,False
Garr201005,IVI,5,6,52,6-52,True,0.0,344,-1,N/A,,False
Garr201005,IVI,6,9,14,9-14,True,0.0,438,-1,N/A,,False
Garr201005,IVI,7,24,26,24-26,True,5.0,977,-1,N/A,,False
Garr201005,NNSI,1,8,24,8-24,True,0.1105031882991181,407,-1,N/A,,False
Garr201005,NNSI,2,5,53,5-53,True,0.09286900519411923,299,-1,N/A,,False
Garr201005,NNSI,3,31,42,31-42,True,-0.13550536344711173,1164,-1,N/A,,False
Garr201005,NNSI,4,3,43,3-43,True,0.05135218052098445,194,-1,N/A,,False
Garr201005,NNSI,5,6,51,6-51,True,-0.03453092989066597,343,-1,N/A,,False
Garr201005,NNSI,6,9,14,9-14,True,-0.07955005860109843,438,-1,N/A,,False
Garr201005,NNSI,7,24,26,24-26,True,-0.0466621953624875,977,-1,N/A,,False
Deltacom,PBR,1,61,68,61-68,True,0.0024618498577362205,4898,-1,N/A,,False
Deltacom,PBR,2,16,50,16-50,True,-0.005773219492230963,1667,-1,N/A,,False
Deltacom,PBR,3,43,88,43-88,True,-0.002913137448834568,3878,-1,N/A,,False
Deltacom,PBR,4,23,99,23-99,True,-7.983643723097301e-05,2348,-1,N/A,,False
Deltacom,PBR,5,11,28,11-28,True,-0.002748443191852878,1162,-1,N/A,,False
Deltacom,PBR,6,85,107,85-107,True,7.320030102681051e-05,5829,-1,N/A,,False
Deltacom,PBR,7,22,84,22-84,True,0.000148344495500774,2244,-1,N/A,,False
Deltacom,PBR,8,25,68,25-68,True,-0.007949966045430688,2486,-1,N/A,,False
Deltacom,PBR,9,9,34,9-34,True,0.0030219410711689217,972,-1,N/A,,False
Deltacom,PBR,10,40,59,40-59,True,0.003098236412219247,3642,-1,N/A,,False
Deltacom,PBR,11,11,94,11-94,True,-0.007685078517219258,1228,-1,N/A,,False
Deltacom,PBR,12,1,93,1-93,True,0.0032362839058491244,197,-1,N/A,,False
Deltacom,PBR,13,64,93,64-93,True,-0.004794137572775758,5061,-1,N/A,,False
Deltacom,PBR,14,67,72,67-72,True,0.0006831568051995475,5175,-1,N/A,,False
Deltacom,PBR,15,13,80,13-80,True,0.0007578074972891093,1410,-1,N/A,,False
Deltacom,PBR,16,45,60,45-60,True,-0.004534179437108143,3984,-1,N/A,,False
Deltacom,PBR,17,45,63,45-63,True,-0.007093366561353775,3987,-1,N/A,,False
Deltacom,EFFRES,1,46,58,46-58,True,0.1566521014282928,4047,-1,N/A,,False
Deltacom,EFFRES,2,16,50,16-50,True,0.034277326499035685,1667,-1,N/A,,False
Deltacom,EFFRES,3,43,88,43-88,True,0.020871032778797274,3878,-1,N/A,,False
Deltacom,EFFRES,4,23,99,23-99,True,0.06720374637792842,2348,-1,N/A,,False
Deltacom,EFFRES,5,11,28,11-28,True,0.03405924062278524,1162,-1,N/A,,False
Deltacom,EFFRES,6,85,107,85-107,True,0.07411023211248002,5829,-1,N/A,,False
Deltacom,EFFRES,7,22,84,22-84,True,0.03488475549022837,2244,-1,N/A,,False
Deltacom,EFFRES,8,25,68,25-68,True,0.04910980327664704,2486,-1,N/A,,False
Deltacom,EFFRES,9,9,34,9-34,True,0.1484785767902297,972,-1,N/A,,False
Deltacom,EFFRES,10,40,59,40-59,True,0.04175466521335672,3642,-1,N/A,,False
Deltacom,EFFRES,11,11,94,11-94,True,-0.0003029360579144373,1228,-1,N/A,,False
Deltacom,EFFRES,12,1,93,1-93,True,0.051150813499584405,197,-1,N/A,,False
Deltacom,EFFRES,13,64,93,64-93,True,0.014343885397084515,5061,-1,N/A,,False
Deltacom,EFFRES,14,67,72,67-72,True,0.03633339871855247,5175,-1,N/A,,False
Deltacom,EFFRES,15,13,80,13-80,True,0.032205829972414994,1410,-1,N/A,,False
Deltacom,EFFRES,16,45,60,45-60,True,0.0139343731301176,3984,-1,N/A,,False
Deltacom,EFFRES,17,45,63,45-63,True,0.005953156213961849,3987,-1,N/A,,False
Deltacom,IVI,1,10,51,10-51,True,5.0,1087,-1,N/A,,False
Deltacom,IVI,2,16,51,16-51,True,5.0,1668,-1,N/A,,False
Deltacom,IVI,3,43,89,43-89,True,0.0,3879,-1,N/A,,False
Deltacom,IVI,4,23,100,23-100,True,0.0,2349,-1,N/A,,False
Deltacom,IVI,5,11,29,11-29,True,0.0,1163,-1,N/A,,False
Deltacom,IVI,6,85,107,85-107,True,0.0,5829,-1,N/A,,False
Deltacom,IVI,7,22,85,22-85,True,0.0,2245,-1,N/A,,False
Deltacom,IVI,8,25,69,25-69,True,0.0,2487,-1,N/A,,False
Deltacom,IVI,9,9,34,9-34,True,-5.0,972,-1,N/A,,False
Deltacom,IVI,10,40,60,40-60,True,0.0,3643,-1,N/A,,False
Deltacom,IVI,11,11,95,11-95,True,5.0,1229,-1,N/A,,False
Deltacom,IVI,12,1,93,1-93,True,0.0,197,-1,N/A,,False
Deltacom,IVI,13,64,93,64-93,True,0.0,5061,-1,N/A,,False
Deltacom,IVI,14,67,72,67-72,True,0.0,5175,-1,N/A,,False
Deltacom,IVI,15,13,81,13-81,True,0.0,1411,-1,N/A,,False
Deltacom,IVI,16,45,61,45-61,True,0.0,3985,-1,N/A,,False
Deltacom,IVI,17,45,64,45-64,True,0.0,3988,-1,N/A,,False
Deltacom,NNSI,1,73,76,73-76,True,0.0,5422,-1,N/A,,False
Deltacom,NNSI,2,16,50,16-50,True,0.0,1667,-1,N/A,,False
Deltacom,NNSI,3,43,88,43-88,True,0.0,3878,-1,N/A,,False
Deltacom,NNSI,4,23,99,23-99,True,0.0,2348,-1,N/A,,False
Deltacom,NNSI,5,11,28,11-28,True,0.0,1162,-1,N/A,,False
Deltacom,NNSI,6,85,107,85-107,True,0.0,5829,-1,N/A,,False
Deltacom,NNSI,7,22,84,22-84,True,0.0,2244,-1,N/A,,False
Deltacom,NNSI,8,25,68,25-68,True,0.0,2486,-1,N/A,,False
Deltacom,NNSI,9,9,34,9-34,True,0.0,972,-1,N/A,,False
Deltacom,NNSI,10,40,59,40-59,True,0.0,3642,-1,N/A,,False
Deltacom,NNSI,11,11,94,11-94,True,0.023215747081879456,1228,-1,N/A,,False
Deltacom,NNSI,12,1,93,1-93,True,0.06972625152049616,197,-1,N/A,,False
Deltacom,NNSI,13,64,92,64-92,True,0.027467429857463976,5060,-1,N/A,,False
Deltacom,NNSI,14,67,71,67-71,True,0.0016048060669531239,5174,-1,N/A,,False
Deltacom,NNSI,15,13,80,13-80,True,0.0519428704260374,1410,-1,N/A,,False
Deltacom,NNSI,16,45,60,45-60,True,0.5642854980956313,3984,-1,N/A,,False
Deltacom,NNSI,17,45,63,45-63,True,-0.3124745616051179,3987,-1,N/A,,False
TataNld,PBR,1,133,137,133-137,True,0.0010793787790427615,10198,-1,N/A,,False
TataNld,PBR,2,115,134,115-134,True,-0.0011440920959078448,9859,-1,N/A,,False
TataNld,PBR,3,30,68,30-68,True,0.001161238367434481,3877,-1,N/A,,False
TataNld,PBR,4,101,112,101-112,True,0.001204640592486073,9355,-1,N/A,,False
TataNld,PBR,5,49,70,49-70,True,-0.0010230333714380093,5825,-1,N/A,,False
TataNld,PBR,6,16,102,16-102,True,-0.0009806676994848491,2242,-1,N/A,,False
TataNld,PBR,7,18,90,18-90,True,0.0013303069726950945,2483,-1,N/A,,False
TataNld,PBR,8,79,88,79-88,True,-0.003162756662191635,8182,-1,N/A,,False
TataNld,PBR,9,96,144,96-144,True,0.0014136814395950825,9169,-1,N/A,,False
TataNld,PBR,10,8,123,8-123,True,0.001459423307663488,1226,-1,N/A,,False
TataNld,PBR,11,82,114,82-114,True,0.0015056004796899615,8395,-1,N/A,,False
TataNld,PBR,12,42,86,42-86,True,0.0038335430900268037,5167,-1,N/A,,False
TataNld,PBR,13,63,95,63-95,True,-0.005235469158751882,7051,-1,N/A,,False
TataNld,PBR,14,107,132,107-132,True,0.0016387970836575505,9609,-1,N/A,,False
TataNld,PBR,15,53,77,53-77,True,-0.0005896482616214887,6193,-1,N/A,,False
TataNld,PBR,16,24,131,24-131,True,-0.0005439814927189809,3246,-1,N/A,,False
TataNld,PBR,17,63,116,63-116,True,-0.0004981001728392108,7072,-1,N/A,,False
TataNld,PBR,18,69,131,69-131,True,-0.002717584437400777,7545,-1,N/A,,False
TataNld,PBR,19,31,74,31-74,True,0.0018598109611826065,3995,-1,N/A,,False
TataNld,EFFRES,1,43,105,43-105,True,0.1015824586101487,5286,-1,N/A,,False
TataNld,EFFRES,2,115,135,115-135,True,0.033434337446097515,9860,-1,N/A,,False
TataNld,EFFRES,3,30,68,30-68,True,0.026819869767251356,3877,-1,N/A,,False
TataNld,EFFRES,4,101,113,101-113,True,0.09147286518436773,9356,-1,N/A,,False
TataNld,EFFRES,5,49,71,49-71,True,0.03471447927400232,5826,-1,N/A,,False
TataNld,EFFRES,6,16,102,16-102,True,0.0666499435149023,2242,-1,N/A,,False
TataNld,EFFRES,7,18,90,18-90,True,0.03889009003367119,2483,-1,N/A,,False
TataNld,EFFRES,8,79,89,79-89,True,0.05953316544528625,8183,-1,N/A,,False
TataNld,EFFRES,9,97,99,97-99,True,0.005571230370158451,9170,-1,N/A,,False
TataNld,EFFRES,10,8,123,8-123,True,0.04472278182306923,1226,-1,N/A,,False
TataNld,EFFRES,11,82,115,82-115,True,0.02955576959727372,8396,-1,N/A,,False
TataNld,EFFRES,12,42,86,42-86,True,0.03348974857121009,5167,-1,N/A,,False
TataNld,EFFRES,13,63,96,63-96,True,0.045678064690262025,7052,-1,N/A,,False
TataNld,EFFRES,14,107,133,107-133,True,0.0962585443044779,9610,-1,N/A,,False
TataNld,EFFRES,15,53,78,53-78,True,0.024014431676240625,6194,-1,N/A,,False
TataNld,EFFRES,16,24,131,24-131,True,0.022961453092143938,3246,-1,N/A,,False
TataNld,EFFRES,17,63,117,63-117,True,0.038953546737096764,7073,-1,N/A,,False
TataNld,EFFRES,18,69,132,69-132,True,0.034096382990263664,7546,-1,N/A,,False
TataNld,EFFRES,19,31,74,31-74,True,0.04099515286495915,3995,-1,N/A,,False
TataNld,IVI,1,60,134,60-134,True,0.0,6848,-1,N/A,,False
TataNld,IVI,2,115,135,115-135,True,0.0,9860,-1,N/A,,False
TataNld,IVI,3,30,68,30-68,True,0.0,3877,-1,N/A,,False
TataNld,IVI,4,101,113,101-113,True,5.0,9356,-1,N/A,,False
TataNld,IVI,5,49,70,49-70,True,0.0,5825,-1,N/A,,False
TataNld,IVI,6,16,102,16-102,True,0.0,2242,-1,N/A,,False
TataNld,IVI,7,18,90,18-90,True,0.0,2483,-1,N/A,,False
TataNld,IVI,8,79,89,79-89,True,0.0,8183,-1,N/A,,False
TataNld,IVI,9,97,99,97-99,True,0.0,9170,-1,N/A,,False
TataNld,IVI,10,8,123,8-123,True,-5.0,1226,-1,N/A,,False
TataNld,IVI,11,82,115,82-115,True,0.0,8396,-1,N/A,,False
TataNld,IVI,12,42,86,42-86,True,0.0,5167,-1,N/A,,False
TataNld,IVI,13,63,96,63-96,True,5.0,7052,-1,N/A,,False
TataNld,IVI,14,107,133,107-133,True,0.0,9610,-1,N/A,,False
TataNld,IVI,15,53,77,53-77,True,5.0,6193,-1,N/A,,False
TataNld,IVI,16,24,131,24-131,True,0.0,3246,-1,N/A,,False
TataNld,IVI,17,63,117,63-117,True,0.0,7073,-1,N/A,,False
TataNld,IVI,18,69,132,69-132,True,5.0,7546,-1,N/A,,False
TataNld,IVI,19,31,74,31-74,True,0.0,3995,-1,N/A,,False
TataNld,NNSI,1,43,105,43-105,True,-0.520637867768249,5286,-1,N/A,,False
TataNld,NNSI,2,115,135,115-135,True,0.3381197876891111,9860,-1,N/A,,False
TataNld,NNSI,3,30,68,30-68,True,-0.30316989522993953,3877,-1,N/A,,False
TataNld,NNSI,4,101,113,101-113,True,-0.5195992898538746,9356,-1,N/A,,False
TataNld,NNSI,5,49,71,49-71,True,0.7966888578059619,5826,-1,N/A,,False
TataNld,NNSI,6,16,102,16-102,True,0.017572041934873717,2242,-1,N/A,,False
TataNld,NNSI,7,18,90,18-90,True,0.13442981061452208,2483,-1,N/A,,False
TataNld,NNSI,8,79,89,79-89,True,0.08332034406056188,8183,-1,N/A,,False
TataNld,NNSI,9,97,99,97-99,True,-0.07893496256480681,9170,-1,N/A,,False
TataNld,NNSI,10,8,123,8-123,True,-0.07146332255930865,1226,-1,N/A,,False
TataNld,NNSI,11,82,115,82-115,True,-0.0985110923235375,8396,-1,N/A,,False
TataNld,NNSI,12,42,86,42-86,True,-0.03459248426008177,5167,-1,N/A,,False
TataNld,NNSI,13,63,96,63-96,True,0.45079668319807276,7052,-1,N/A,,False
TataNld,NNSI,14,107,133,107-133,True,-0.5922551741091064,9610,-1,N/A,,False
TataNld,NNSI,15,53,78,53-78,True,-0.706226140780009,6194,-1,N/A,,False
TataNld,NNSI,16,24,131,24-131,True,-0.01771266333562327,3246,-1,N/A,,False
TataNld,NNSI,17,63,117,63-117,True,0.2908710148333915,7073,-1,N/A,,False
TataNld,NNSI,18,69,132,69-132,True,-0.06927334411888353,7546,-1,N/A,,False
TataNld,NNSI,19,31,74,31-74,True,-0.0034486055330464893,3995,-1,N/A,,False
Pern,PBR,1,66,105,66-105,True,0.004467509856975904,6119,-1,N/A,,False
Pern,PBR,2,14,33,14-33,True,0.017906630447522397,1667,-1,N/A,,False
Pern,PBR,3,36,53,36-53,True,0.017631596921967117,3878,-1,N/A,,False
Pern,PBR,4,20,68,20-68,True,0.017362784204580418,2348,-1,N/A,,False
Pern,PBR,5,9,83,9-83,True,0.017100006495651597,1162,-1,N/A,,False
Pern,PBR,6,61,123,61-123,True,0.016843084877731396,5828,-1,N/A,,False
Pern,PBR,7,19,69,19-69,True,0.016591847011993486,2244,-1,N/A,,False
Pern,PBR,8,73,106,73-106,True,0.016346126850119068,6492,-1,N/A,,False
Pern,PBR,9,21,102,21-102,True,-0.009503082304990718,2486,-1,N/A,,False
Pern,PBR,10,8,9,8-9,True,0.013941628895752577,972,-1,N/A,,False
Pern,PBR,11,33,87,33-87,True,0.013739931151148509,3642,-1,N/A,,False
Pern,PBR,12,10,35,10-35,True,0.011454647815755082,1228,-1,N/A,,False
Pern,PBR,13,1,74,1-74,True,0.015437233489772238,197,-1,N/A,,False
Pern,EFFRES,1,41,104,41-104,True,0.0894717473964008,4361,-1,N/A,,False
Pern,EFFRES,2,14,33,14-33,True,0.04099236504540677,1667,-1,N/A,,False
Pern,EFFRES,3,36,53,36-53,True,0.017683301132863764,3878,-1,N/A,,False
Pern,EFFRES,4,20,68,20-68,True,0.003366467490826936,2348,-1,N/A,,False
Pern,EFFRES,5,9,83,9-83,True,0.02095151068963392,1162,-1,N/A,,False
Pern,EFFRES,6,61,124,61-124,True,0.02724017835938062,5829,-1,N/A,,False
Pern,EFFRES,7,19,69,19-69,True,0.04332188768742107,2244,-1,N/A,,False
Pern,EFFRES,8,73,106,73-106,True,0.009189647028150096,6492,-1,N/A,,False
Pern,EFFRES,9,21,102,21-102,True,0.09380168447299966,2486,-1,N/A,,False
Pern,EFFRES,10,8,9,8-9,True,0.0052426010948421605,972,-1,N/A,,False
Pern,EFFRES,11,33,87,33-87,True,0.010980778341625173,3642,-1,N/A,,False
Pern,EFFRES,12,10,35,10-35,True,0.012710842515983093,1228,-1,N/A,,False
Pern,EFFRES,13,1,74,1-74,True,0.013018337229624309,197,-1,N/A,,False
Pern,IVI,1,70,90,70-90,True,5.0,6332,-1,N/A,,False
Pern,IVI,2,14,33,14-33,True,5.0,1667,-1,N/A,,False
Pern,IVI,3,36,53,36-53,True,5.0,3878,-1,N/A,,False
Pern,IVI,4,20,68,20-68,True,5.0,2348,-1,N/A,,False
Pern,IVI,5,9,83,9-83,True,0.0,1162,-1,N/A,,False
Pern,IVI,6,61,123,61-123,True,5.0,5828,-1,N/A,,False
Pern,IVI,7,19,69,19-69,True,0.0,2244,-1,N/A,,False
Pern,IVI,8,73,106,73-106,True,0.0,6492,-1,N/A,,False
Pern,IVI,9,21,102,21-102,True,5.0,2486,-1,N/A,,False
Pern,IVI,10,8,9,8-9,True,0.0,972,-1,N/A,,False
Pern,IVI,11,33,87,33-87,True,0.0,3642,-1,N/A,,False
Pern,IVI,12,10,35,10-35,True,0.0,1228,-1,N/A,,False
Pern,IVI,13,1,74,1-74,True,0.0,197,-1,N/A,,False
Pern,NNSI,1,104,108,104-108,True,0.008515804782198266,7638,-1,N/A,,False
Pern,NNSI,2,14,33,14-33,True,0.012177621254470417,1667,-1,N/A,,False
Pern,NNSI,3,36,53,36-53,True,0.06794922605856257,3878,-1,N/A,,False
Pern,NNSI,4,20,68,20-68,True,-0.0722135162290849,2348,-1,N/A,,False
Pern,NNSI,5,9,83,9-83,True,0.0473170664507796,1162,-1,N/A,,False
Pern,NNSI,6,61,123,61-123,True,0.06384984042200692,5828,-1,N/A,,False
Pern,NNSI,7,19,69,19-69,True,-0.6809794628273096,2244,-1,N/A,,False
Pern,NNSI,8,73,105,73-105,True,0.062127812866881627,6491,-1,N/A,,False
Pern,NNSI,9,21,102,21-102,True,1.2354913594746728,2486,-1,N/A,,False
Pern,NNSI,10,8,9,8-9,True,-0.008178229355299216,972,-1,N/A,,False
Pern,NNSI,11,33,87,33-87,True,-0.03254966866688136,3642,-1,N/A,,False
Pern,NNSI,12,10,35,10-35,True,0.07301425400979067,1228,-1,N/A,,False
Pern,NNSI,13,1,74,1-74,True,-0.023880616010278466,197,-1,N/A,,False
DialtelecomCz,PBR,1,104,176,104-176,True,0.00048454711538913346,14554,-1,N/A,,False
DialtelecomCz,PBR,2,21,105,21-105,True,0.000469975274586465,3877,-1,N/A,,False
DialtelecomCz,PBR,3,12,34,12-34,True,0.0020859586026560463,2242,-1,N/A,,False
DialtelecomCz,PBR,4,49,60,49-60,True,0.002100544488304857,8180,-1,N/A,,False
DialtelecomCz,PBR,5,56,84,56-84,True,-0.0011939432936437068,9167,-1,N/A,,False
DialtelecomCz,PBR,6,77,153,77-153,True,-0.001215505199122413,11832,-1,N/A,,False
DialtelecomCz,PBR,7,6,106,6-106,True,0.0004282151478877895,1226,-1,N/A,,False
DialtelecomCz,PBR,8,50,134,50-134,True,-0.0012455288350116112,8393,-1,N/A,,False
DialtelecomCz,PBR,9,29,73,29-73,True,-0.0012589672410072577,5166,-1,N/A,,False
DialtelecomCz,PBR,10,59,121,59-121,True,0.00040847865141889765,9605,-1,N/A,,False
DialtelecomCz,PBR,11,35,147,35-147,True,0.00041064175847519454,6191,-1,N/A,,False
DialtelecomCz,PBR,12,80,161,80-161,True,0.00041409894754230753,12177,-1,N/A,,False
DialtelecomCz,PBR,13,82,189,82-189,True,-0.0012809229803735999,12421,-1,N/A,,False
DialtelecomCz,PBR,14,41,111,41-111,True,0.00041805847879521356,7068,-1,N/A,,False
DialtelecomCz,PBR,15,22,52,22-52,True,0.002137845550353779,3993,-1,N/A,,False
DialtelecomCz,PBR,16,95,106,95-106,True,-0.001279143933014581,13665,-1,N/A,,False
DialtelecomCz,PBR,17,81,85,81-85,True,0.0021672605535856928,12212,-1,N/A,,False
DialtelecomCz,PBR,18,17,169,17-169,True,-0.0012718321487332315,3257,-1,N/A,,False
DialtelecomCz,PBR,19,3,99,3-99,True,0.00046378585645188183,660,-1,N/A,,False
DialtelecomCz,PBR,20,41,109,41-109,True,-0.001261014512042113,7066,-1,N/A,,False
DialtelecomCz,EFFRES,1,176,178,176-178,True,0.48755977050875304,18200,-1,N/A,,False
DialtelecomCz,EFFRES,2,21,105,21-105,True,0.06885495590665056,3877,-1,N/A,,False
DialtelecomCz,EFFRES,3,12,34,12-34,True,0.12191568252650549,2242,-1,N/A,,False
DialtelecomCz,EFFRES,4,49,60,49-60,True,0.09883182041551757,8180,-1,N/A,,False
DialtelecomCz,EFFRES,5,56,84,56-84,True,0.0339977659954911,9167,-1,N/A,,False
DialtelecomCz,EFFRES,6,77,153,77-153,True,0.1642088524914627,11832,-1,N/A,,False
DialtelecomCz,EFFRES,7,6,106,6-106,True,0.062295062805958305,1226,-1,N/A,,False
DialtelecomCz,EFFRES,8,50,134,50-134,True,0.018681527285611427,8393,-1,N/A,,False
DialtelecomCz,EFFRES,9,29,73,29-73,True,0.009561081020754366,5166,-1,N/A,,False
DialtelecomCz,EFFRES,10,59,121,59-121,True,0.026637839205187728,9605,-1,N/A,,False
DialtelecomCz,EFFRES,11,35,147,35-147,True,0.05095759618706086,6191,-1,N/A,,False
DialtelecomCz,EFFRES,12,80,161,80-161,True,0.06659659321912981,12177,-1,N/A,,False
DialtelecomCz,EFFRES,13,82,189,82-189,True,0.061688839233818335,12421,-1,N/A,,False
DialtelecomCz,EFFRES,14,41,111,41-111,True,0.059098784419801584,7068,-1,N/A,,False
DialtelecomCz,EFFRES,15,22,52,22-52,True,0.0496557854476537,3993,-1,N/A,,False
DialtelecomCz,EFFRES,16,95,106,95-106,True,0.014234836373218854,13665,-1,N/A,,False
DialtelecomCz,EFFRES,17,81,85,81-85,True,0.03721180982135816,12212,-1,N/A,,False
DialtelecomCz,EFFRES,18,17,169,17-169,True,0.03018510251394959,3257,-1,N/A,,False
DialtelecomCz,EFFRES,19,3,99,3-99,True,0.028833314368794747,660,-1,N/A,,False
DialtelecomCz,EFFRES,20,41,109,41-109,True,0.022563855946381897,7066,-1,N/A,,False
DialtelecomCz,IVI,1,176,178,176-178,True,0.0,18200,-1,N/A,,False
DialtelecomCz,IVI,2,21,105,21-105,True,0.0,3877,-1,N/A,,False
DialtelecomCz,IVI,3,12,34,12-34,True,0.0,2242,-1,N/A,,False
DialtelecomCz,IVI,4,49,60,49-60,True,0.0,8180,-1,N/A,,False
DialtelecomCz,IVI,5,56,84,56-84,True,0.0,9167,-1,N/A,,False
DialtelecomCz,IVI,6,77,153,77-153,True,0.0,11832,-1,N/A,,False
DialtelecomCz,IVI,7,6,106,6-106,True,0.0,1226,-1,N/A,,False
DialtelecomCz,IVI,8,50,134,50-134,True,0.0,8393,-1,N/A,,False
DialtelecomCz,IVI,9,29,73,29-73,True,5.0,5166,-1,N/A,,False
DialtelecomCz,IVI,10,59,121,59-121,True,0.0,9605,-1,N/A,,False
DialtelecomCz,IVI,11,35,147,35-147,True,0.0,6191,-1,N/A,,False
DialtelecomCz,IVI,12,80,161,80-161,True,0.0,12177,-1,N/A,,False
DialtelecomCz,IVI,13,82,189,82-189,True,0.0,12421,-1,N/A,,False
DialtelecomCz,IVI,14,41,111,41-111,True,0.0,7068,-1,N/A,,False
DialtelecomCz,IVI,15,22,52,22-52,True,0.0,3993,-1,N/A,,False
DialtelecomCz,IVI,16,95,106,95-106,True,0.0,13665,-1,N/A,,False
DialtelecomCz,IVI,17,81,85,81-85,True,0.0,12212,-1,N/A,,False
DialtelecomCz,IVI,18,17,169,17-169,True,0.0,3257,-1,N/A,,False
DialtelecomCz,IVI,19,3,99,3-99,True,-5.0,660,-1,N/A,,False
DialtelecomCz,IVI,20,41,109,41-109,True,0.0,7066,-1,N/A,,False
DialtelecomCz,NNSI,1,17,142,17-142,True,0.07135131380371629,3230,-1,N/A,,False
DialtelecomCz,NNSI,2,21,106,21-106,True,0.21024650013579116,3878,-1,N/A,,False
DialtelecomCz,NNSI,3,12,34,12-34,True,0.16401605352363546,2242,-1,N/A,,False
DialtelecomCz,NNSI,4,49,61,49-61,True,-1.0007742946112055,8181,-1,N/A,,False
DialtelecomCz,NNSI,5,56,85,56-85,True,-0.029131549148208258,9168,-1,N/A,,False
DialtelecomCz,NNSI,6,77,154,77-154,True,-0.6657047605899331,11833,-1,N/A,,False
DialtelecomCz,NNSI,7,6,106,6-106,True,1.6632656479685757,1226,-1,N/A,,False
DialtelecomCz,NNSI,8,50,135,50-135,True,0.0856337469991102,8394,-1,N/A,,False
DialtelecomCz,NNSI,9,29,74,29-74,True,-1.4589534812575575,5167,-1,N/A,,False
DialtelecomCz,NNSI,10,59,122,59-122,True,0.08309548310620407,9606,-1,N/A,,False
DialtelecomCz,NNSI,11,35,148,35-148,True,0.4242427088658278,6192,-1,N/A,,False
DialtelecomCz,NNSI,12,80,162,80-162,True,-2.355477568824984,12178,-1,N/A,,False
DialtelecomCz,NNSI,13,82,190,82-190,True,0.4027662220824775,12422,-1,N/A,,False
DialtelecomCz,NNSI,14,41,112,41-112,True,0.006000271654796663,7069,-1,N/A,,False
DialtelecomCz,NNSI,15,22,53,22-53,True,0.06975517761768657,3994,-1,N/A,,False
DialtelecomCz,NNSI,16,95,107,95-107,True,0.31226298262022123,13666,-1,N/A,,False
DialtelecomCz,NNSI,17,81,87,81-87,True,0.6182870380635554,12213,-1,N/A,,False
DialtelecomCz,NNSI,18,17,170,17-170,True,-0.021390126492502937,3258,-1,N/A,,False
DialtelecomCz,NNSI,19,3,99,3-99,True,0.06057344029150258,660,-1,N/A,,False
DialtelecomCz,NNSI,20,41,110,41-110,True,0.08475390183410614,7067,-1,N/A,,False
Cogentco,PBR,1,59,126,59-126,True,0.002216477645660631,9828,-1,N/A,,False
Cogentco,PBR,2,21,34,21-34,True,0.002243493555287668,3877,-1,N/A,,False
Cogentco,PBR,3,11,177,11-177,True,-0.0010294566634768017,2242,-1,N/A,,False
Cogentco,PBR,4,176,183,176-183,True,-0.012490601594653995,18869,-1,N/A,,False
Cogentco,PBR,5,47,173,47-173,True,-0.0009868467619753348,8180,-1,N/A,,False
Cogentco,PBR,6,54,157,54-157,True,-0.0009659658568718196,9167,-1,N/A,,False
Cogentco,PBR,7,75,98,75-98,True,0.0006878082924296814,11833,-1,N/A,,False
Cogentco,PBR,8,6,88,6-88,True,-0.0009239064340286205,1226,-1,N/A,,False
Cogentco,PBR,9,49,93,49-93,True,-0.0009022295742473262,8393,-1,N/A,,False
Cogentco,PBR,10,28,136,28-136,True,0.0007523737469621317,5166,-1,N/A,,False
Cogentco,PBR,11,57,177,57-177,True,-0.002490820899834245,9605,-1,N/A,,False
Cogentco,PBR,12,34,180,34-180,True,0.0024286579973346713,6191,-1,N/A,,False
Cogentco,PBR,13,78,93,78-93,True,-0.0008147797206809135,12178,-1,N/A,,False
Cogentco,PBR,14,80,108,80-108,True,-0.000792077340049979,12422,-1,N/A,,False
Cogentco,PBR,15,40,115,40-115,True,0.0008636532221452222,7068,-1,N/A,,False
Cogentco,PBR,16,21,150,21-150,True,-0.0023789847605032444,3993,-1,N/A,,False
Cogentco,PBR,17,91,154,91-154,True,-0.003978793265562231,13666,-1,N/A,,False
Cogentco,PBR,18,78,129,78-129,True,-0.003943569984282269,12213,-1,N/A,,False
Cogentco,PBR,19,17,112,17-112,True,0.0025716969336225803,3257,-1,N/A,,False
Cogentco,PBR,20,3,90,3-90,True,0.002599655568970261,660,-1,N/A,,False
Cogentco,EFFRES,1,180,181,180-181,True,0.09978763306318386,18936,-1,N/A,,False
Cogentco,EFFRES,2,21,34,21-34,True,0.08248497109017068,3877,-1,N/A,,False
Cogentco,EFFRES,3,11,177,11-177,True,0.03484175614275928,2242,-1,N/A,,False
Cogentco,EFFRES,4,176,182,176-182,True,0.05435305519191546,18868,-1,N/A,,False
Cogentco,EFFRES,5,47,173,47-173,True,0.01510623362663745,8180,-1,N/A,,False
Cogentco,EFFRES,6,54,157,54-157,True,0.03657050443910969,9167,-1,N/A,,False
Cogentco,EFFRES,7,75,97,75-97,True,0.025493944964328726,11832,-1,N/A,,False
Cogentco,EFFRES,8,6,88,6-88,True,0.08964352026010868,1226,-1,N/A,,False
Cogentco,EFFRES,9,49,93,49-93,True,0.012316610633776483,8393,-1,N/A,,False
Cogentco,EFFRES,10,28,136,28-136,True,0.05014130966763992,5166,-1,N/A,,False
Cogentco,EFFRES,11,57,177,57-177,True,0.02686684271637931,9605,-1,N/A,,False
Cogentco,EFFRES,12,34,180,34-180,True,0.022895864631942146,6191,-1,N/A,,False
Cogentco,EFFRES,13,78,92,78-92,True,-0.009213457868753341,12177,-1,N/A,,False
Cogentco,EFFRES,14,80,107,80-107,True,0.02845589933423271,12421,-1,N/A,,False
Cogentco,EFFRES,15,40,115,40-115,True,0.031053517226382703,7068,-1,N/A,,False
Cogentco,EFFRES,16,21,150,21-150,True,0.02173874313984366,3993,-1,N/A,,False
Cogentco,EFFRES,17,91,153,91-153,True,0.014348062833214631,13665,-1,N/A,,False
Cogentco,EFFRES,18,78,128,78-128,True,0.026994785315381215,12212,-1,N/A,,False
Cogentco,EFFRES,19,17,112,17-112,True,0.0358956927183508,3257,-1,N/A,,False
Cogentco,EFFRES,20,3,90,3-90,True,0.02422715789952286,660,-1,N/A,,False
Cogentco,IVI,1,12,135,12-135,True,0.0,2381,-1,N/A,,False
Cogentco,IVI,2,21,35,21-35,True,-5.0,3878,-1,N/A,,False
Cogentco,IVI,3,11,177,11-177,True,-5.0,2242,-1,N/A,,False
Cogentco,IVI,4,176,183,176-183,True,5.0,18869,-1,N/A,,False
Cogentco,IVI,5,47,174,47-174,True,0.0,8181,-1,N/A,,False
Cogentco,IVI,6,54,158,54-158,True,0.0,9168,-1,N/A,,False
Cogentco,IVI,7,75,98,75-98,True,5.0,11833,-1,N/A,,False
Cogentco,IVI,8,6,88,6-88,True,0.0,1226,-1,N/A,,False
Cogentco,IVI,9,49,94,49-94,True,5.0,8394,-1,N/A,,False
Cogentco,IVI,10,28,137,28-137,True,0.0,5167,-1,N/A,,False
Cogentco,IVI,11,57,178,57-178,True,0.0,9606,-1,N/A,,False
Cogentco,IVI,12,34,181,34-181,True,0.0,6192,-1,N/A,,False
Cogentco,IVI,13,78,93,78-93,True,0.0,12178,-1,N/A,,False
Cogentco,IVI,14,80,108,80-108,True,0.0,12422,-1,N/A,,False
Cogentco,IVI,15,40,116,40-116,True,0.0,7069,-1,N/A,,False
Cogentco,IVI,16,21,151,21-151,True,0.0,3994,-1,N/A,,False
Cogentco,IVI,17,91,154,91-154,True,5.0,13666,-1,N/A,,False
Cogentco,IVI,18,78,129,78-129,True,0.0,12213,-1,N/A,,False
Cogentco,IVI,19,17,113,17-113,True,0.0,3258,-1,N/A,,False
Cogentco,IVI,20,3,90,3-90,True,0.0,660,-1,N/A,,False
Cogentco,NNSI,1,180,181,180-181,True,-0.0938015725731649,18936,-1,N/A,,False
Cogentco,NNSI,2,21,34,21-34,True,0.010420150833391872,3877,-1,N/A,,False
Cogentco,NNSI,3,11,177,11-177,True,-0.010420150833391872,2242,-1,N/A,,False
Cogentco,NNSI,4,176,182,176-182,True,0.0,18868,-1,N/A,,False
Cogentco,NNSI,5,47,173,47-173,True,0.0,8180,-1,N/A,,False
Cogentco,NNSI,6,54,157,54-157,True,0.0,9167,-1,N/A,,False
Cogentco,NNSI,7,75,97,75-97,True,0.0,11832,-1,N/A,,False
Cogentco,NNSI,8,6,88,6-88,True,0.0,1226,-1,N/A,,False
Cogentco,NNSI,9,49,93,49-93,True,0.10251813559298384,8393,-1,N/A,,False
Cogentco,NNSI,10,28,136,28-136,True,0.30911717684805406,5166,-1,N/A,,False
Cogentco,NNSI,11,57,177,57-177,True,0.008902411924657905,9605,-1,N/A,,False
Cogentco,NNSI,12,34,180,34-180,True,0.10389768734819071,6191,-1,N/A,,False
Cogentco,NNSI,13,78,92,78-92,True,0.047461473906530216,12177,-1,N/A,,False
Cogentco,NNSI,14,80,107,80-107,True,0.23483712112897415,12421,-1,N/A,,False
Cogentco,NNSI,15,40,115,40-115,True,-0.04107979320006461,7068,-1,N/A,,False
Cogentco,NNSI,16,21,150,21-150,True,0.8579008817344835,3993,-1,N/A,,False
Cogentco,NNSI,17,91,153,91-153,True,0.20009350140005555,13665,-1,N/A,,False
Cogentco,NNSI,18,78,128,78-128,True,-0.7756213556541738,12212,-1,N/A,,False
Cogentco,NNSI,19,17,112,17-112,True,-0.0029996403986665143,3257,-1,N/A,,False
Cogentco,NNSI,20,3,90,3-90,True,0.1277287292416176,660,-1,N/A,,False
